{
  "maxWSS": 1,
  "firmware": "H03",
  "useConfigAmpCurves": false,
  "ampCurves": [
    {
      "LowThreshold": 4.0,
      "LowConst": 0.0522,
      "ExpPower": 0.646579593948015,
      "LinearOffset": 1.7045,
      "LinearSlope": 0.3396
    },
    {
      "LowThreshold": 4.0,
      "LowConst": 0.0522,
      "ExpPower": 0.646579593948015,
      "LinearOffset": 1.7045,
      "LinearSlope": 0.3396
    },
    {
      "LowThreshold": 4.0,
      "LowConst": 0.0522,
      "ExpPower": 0.646579593948015,
      "LinearOffset": 1.7045,
      "LinearSlope": 0.3396
    }
  ]
}